{"49": {"hotkey": "5EFiiNVJMuSBYP7JaQVdcBGa2bdtLbcUSsYjrxtk2rWJh1Wo", "losses": [3.985200881958008, 4.136670112609863, 3.7036890983581543, 3.8603930473327637, 3.741541624069214, 3.6662042140960693, 3.50439715385437, 4.010839939117432, 3.8394575119018555, 4.013958930969238, 4.159673690795898, 3.8199875354766846, 3.814089775085449, 3.7508223056793213, 3.470609188079834, 3.8243248462677, 3.9977076053619385, 3.753979444503784, 3.9546005725860596, 3.7332286834716797, 4.29704475402832, 3.3341124057769775, 3.703071117401123, 3.8584916591644287, 3.5841264724731445, 3.595676898956299, 3.812786340713501, 3.5702810287475586, 4.120070457458496, 4.254724979400635, 4.168306827545166, 4.173915386199951, 3.533255100250244, 3.6715681552886963, 3.949854612350464, 3.7606842517852783, 4.053164482116699, 3.4729807376861572, 3.451902151107788, 4.047805309295654, 4.029715538024902, 3.753831624984741, 3.6368184089660645, 3.7095985412597656, 3.645780563354492, 4.110095977783203, 4.05738639831543, 5.2133402824401855, 4.161539077758789, 3.859682083129883, 4.043977737426758, 3.6811835765838623, 3.8196396827697754, 3.53436541557312, 3.9006011486053467], "average_loss": 3.8602319153872404, "Win Percentage": 0.12727272727272726}, "223": {"hotkey": "5HdzazKU7nRzhH5dZDZdHMW5j2EFZXV9eA1fkYq7Pe5HQTpM", "losses": [3.940004587173462, 4.107885837554932, 3.6762375831604004, 3.848031997680664, 3.686386823654175, 3.670313596725464, 3.4692745208740234, 3.9809343814849854, 3.8129961490631104, 3.9893219470977783, 4.13309907913208, 3.765892505645752, 3.8267505168914795, 3.7429192066192627, 3.4301557540893555, 3.791536808013916, 3.93867826461792, 3.7091617584228516, 3.951056957244873, 3.714639902114868, 4.266817092895508, 3.3004467487335205, 3.6735098361968994, 3.83992075920105, 3.574157953262329, 3.5629611015319824, 3.774937152862549, 3.5419023036956787, 4.108624458312988, 4.226934432983398, 4.138479709625244, 4.175656795501709, 3.5188865661621094, 3.657325267791748, 3.958404302597046, 3.7377445697784424, 4.069766521453857, 3.4364657402038574, 3.4340310096740723, 4.025971412658691, 3.9925363063812256, 3.69789457321167, 3.574300527572632, 3.6795198917388916, 3.620333194732666, 4.105527877807617, 4.0216827392578125, 5.265375137329102, 4.1575822830200195, 3.8154969215393066, 4.006017684936523, 3.6534218788146973, 3.794645071029663, 3.516927480697632, 3.907346725463867], "average_loss": 3.8366696401075884, "Win Percentage": 0.8727272727272727}, "run_id": "3bvzu8ak", "best_average_loss": 3.8366696401075884, "best_average_loss_uid": 223, "pages": [169902954, 857476128], "timestamp": 1699260148.6191046}{"49": {"hotkey": "5EFiiNVJMuSBYP7JaQVdcBGa2bdtLbcUSsYjrxtk2rWJh1Wo", "losses": [3.333150863647461, 3.7648041248321533, 3.834397792816162, 3.7691328525543213, 3.685704231262207, 4.126713275909424, 3.5861871242523193, 3.5641376972198486, 3.736523389816284, 3.8286094665527344, 3.683349847793579, 3.75410795211792, 3.660938262939453, 3.593122959136963, 3.8793697357177734, 3.4083473682403564, 4.125629425048828, 4.041630268096924, 3.418855905532837, 3.5237674713134766, 3.744215726852417, 4.40600061416626, 4.368301868438721, 4.558962345123291, 3.6866400241851807, 3.6647231578826904, 3.6963953971862793, 3.371654987335205, 4.20156192779541, 3.4790637493133545, 4.084847450256348, 3.7990734577178955, 3.820502281188965, 3.894251585006714, 4.2021894454956055, 3.4016270637512207, 3.6635725498199463, 3.5604870319366455, 3.4011385440826416, 4.100661277770996, 4.157084941864014, 3.4697647094726562, 3.5648577213287354, 3.683835506439209, 3.795849084854126, 3.6327104568481445, 3.7891783714294434, 3.7698514461517334, 3.98812198638916, 3.7400693893432617, 3.472862958908081, 3.6387155055999756, 3.416532278060913, 3.8915722370147705, 4.330350399017334, 3.811413526535034, 3.5500266551971436, 3.8411102294921875], "average_loss": 3.775314791449185, "Win Percentage": 0.1896551724137931}, "223": {"hotkey": "5HdzazKU7nRzhH5dZDZdHMW5j2EFZXV9eA1fkYq7Pe5HQTpM", "losses": [3.313366651535034, 3.752652645111084, 3.7984633445739746, 3.7596607208251953, 3.7036514282226562, 4.1265411376953125, 3.578359365463257, 3.5612733364105225, 3.6979691982269287, 3.79890513420105, 3.68013858795166, 3.6921427249908447, 3.6259360313415527, 3.576997995376587, 3.8373100757598877, 3.3999414443969727, 4.126760005950928, 4.004291534423828, 3.4361236095428467, 3.495682954788208, 3.7543373107910156, 4.422482490539551, 4.345044136047363, 4.613943099975586, 3.6136300563812256, 3.6584126949310303, 3.647764205932617, 3.3159053325653076, 4.20658540725708, 3.4702744483947754, 4.106870174407959, 3.7691080570220947, 3.8282899856567383, 3.889673948287964, 4.165454864501953, 3.3712141513824463, 3.6436681747436523, 3.521624803543091, 3.3971621990203857, 4.095024585723877, 4.106866359710693, 3.4837419986724854, 3.564211368560791, 3.6431281566619873, 3.776268720626831, 3.6186485290527344, 3.7627172470092773, 3.7410836219787598, 3.941401481628418, 3.714691162109375, 3.4486961364746094, 3.6123085021972656, 3.413339853286743, 3.895259380340576, 4.253428936004639, 3.774204730987549, 3.542611598968506, 3.7923247814178467], "average_loss": 3.756682252061778, "Win Percentage": 0.8103448275862069}, "run_id": "3bvzu8ak", "best_average_loss": 3.756682252061778, "best_average_loss_uid": 223, "pages": [634650224, 847886135], "timestamp": 1699260172.6156518}