{"average_loss/223": 3.834546113836354, "average_loss/255": 3.83868814747909, "best_average_loss": 3.834546113836354, "best_average_loss_uid": 223, "win_per_step/223": 0.8275862068965517, "win_per_step/255": 0.1724137931034483, "_timestamp": 1699071232.486059, "wins_per_epoch/223": 0.8, "_runtime": 46.49580001831055, "_step": 60, "wins_per_epoch/255": 0.2, "_wandb": {"runtime": 63}}