{"avg_losses/223": 3.8038852168963504, "avg_losses/255": 3.8069524444066563, "_timestamp": 1699070847.207511, "best_average_loss": 4.154261180332729, "_runtime": 293.5938799381256, "_step": 85, "best_average_loss_uid": 223, "win_per_step/255": 0.32142857142857145, "win_per_step/223": 0.6785714285714286, "wins_per_epoch/255": 0.22540045766590389, "wins_per_epoch/223": 0.7745995423340961, "_wandb": {"runtime": 299}}