{"avg_losses/223": 3.7878507668117307, "avg_losses/255": 3.7918079259260646, "_timestamp": 1699070527.7983687, "win_per_step/223": 0.7547169811320755, "_runtime": 75.10748958587646, "_step": 11, "win_per_step/255": 0.24528301886792453, "wins_per_epoch/223": 0.8300653594771242, "wins_per_epoch/255": 0.16993464052287582, "_wandb": {"runtime": 94}}