{"average_loss/223": 3.7953660803021125, "_timestamp": 1699071107.73881, "average_loss/255": 3.8006181536980397, "best_average_loss": 3.7953660803021125, "best_average_loss_uid": 223, "win_per_step/223": 0.75, "_runtime": 130.18281197547913, "_step": 19, "win_per_step/255": 0.25, "wins_per_epoch/223": 0.7955390334572491, "wins_per_epoch/255": 0.20446096654275092, "_wandb": {"runtime": 130}}