{"average_loss/223": 3.6756142715238176, "average_loss/255": 3.6795417587712125, "best_average_loss": 3.6756142715238176, "best_average_loss_uid": 223, "win_per_step/223": 0.7735849056603774, "win_per_step/255": 0.22641509433962265, "_timestamp": 1699071394.765168, "_runtime": 138.99210691452026, "_step": 17, "wins_per_epoch/223": 0.802784222737819, "wins_per_epoch/255": 0.19721577726218098, "_wandb": {"runtime": 145}}