{"223": 3.8054298978102836, "255": 3.8091009290594804, "_timestamp": 1699070254.3315275, "win_per_step/223": 0.8070175438596491, "_runtime": 198.6493535041809, "_step": 31, "win_per_step/255": 0.19298245614035087, "wins_per_epoch/223": 446, "wins_per_epoch/255": 103, "_wandb": {"runtime": 204}}