{"average_loss/223": 3.856206425914058, "average_loss/255": 3.860595288100066, "best_average_loss": 3.856206425914058, "best_average_loss_uid": 223, "win_per_step/223": 0.8703703703703703, "win_per_step/255": 0.12962962962962962, "_timestamp": 1699071528.9309154, "wins_per_epoch/223": 0.787012987012987, "_runtime": 119.57503342628479, "_step": 7, "wins_per_epoch/255": 0.21298701298701297, "_wandb": {"runtime": 148}}