{"avg_losses/223": 3.7852327460828037, "avg_losses/255": 3.7887162177459053, "_timestamp": 1699070434.488265, "win_per_step/223": 0.7169811320754716, "_runtime": 122.94207692146301, "_step": 17, "win_per_step/255": 0.2830188679245283, "wins_per_epoch/223": 0.824, "wins_per_epoch/255": 0.176, "_wandb": {"runtime": 134}}